,aluminium_price,pvc_resin_price,crude_oil_price,usd_inr_rate,energy_price_index,demand_index,freight_index
2018-03-01,2069.238095238095,282.7,62.724761904761905,65.04545454545455,148.0,102.2067,24.11566670735677
2018-04-01,2254.6875,280.7,66.25380952380952,65.67285714285715,146.7,103.3329,21.57914297921317
2018-05-01,2299.666666666667,285.1,69.97818181818182,67.51,149.2,102.4024,21.55159091949463
2018-06-01,2237.619047619048,288.0,67.87333333333333,67.78999999999999,155.1,103.198,21.71980939592634
2018-07-01,2082.238636363636,289.0,70.98142857142857,68.68666666666667,155.6,103.3646,23.38157136099679
2018-08-01,2051.511363636364,292.6,68.05565217391305,69.63173913043478,154.9,104.0327,25.20747831593389
2018-09-01,2026.4625,290.4,70.2321052631579,72.2778947368421,154.0,104.1004,23.23742093537983
2018-10-01,2029.858695652174,291.4,70.74869565217391,73.56090909090909,150.0,103.9856,22.114956648453422
2018-11-01,1938.511363636364,286.8,56.963499999999996,71.738,146.9,104.0681,17.121428535098122
2018-12-01,1920.381578947368,282.2,49.522777777777776,70.83311111111112,148.5,104.0936,18.289736797935085
2019-01-01,1853.715909090909,276.5,51.37571428571429,70.71000000000001,149.2,103.4021,16.176190694173176
2019-02-01,1862.9875,275.8,54.95473684210527,71.1738888888889,148.2,102.8371,11.382210530732808
2019-03-01,1871.214285714286,273.9,58.151428571428575,69.4895238095238,148.7,102.8757,10.179095268249512
2019-04-01,1845.425,273.9,63.862380952380946,69.40681818181818,147.9,102.274,10.30804779416039
2019-05-01,1781.261904761905,275.7,60.82681818181818,69.78272727272727,149.8,102.392,12.024772730740635
2019-06-01,1755.95,273.2,54.657500000000006,69.388,155.6,102.4375,12.495749950408936
2019-07-01,1796.989130434783,272.7,57.35809523809524,68.7390909090909,155.7,101.9408,16.191181919791482
2019-08-01,1740.678571428571,273.1,54.80590909090909,71.18909090909091,155.7,102.639,18.015545324845746
2019-09-01,1753.511904761905,273.3,56.947,71.311,155.0,102.2917,20.324799919128417
2019-10-01,1725.95652173913,273.8,53.96304347826087,71.00863636363637,147.5,101.4281,20.10117406430452
2019-11-01,1774.785714285714,271.2,57.048947368421054,71.4942105263158,146.0,101.9372,17.123599815368653
2019-12-01,1771.38,266.1,59.81666666666667,71.15666666666667,145.7,101.7003,16.62733336857387
2020-01-01,1773.090909090909,265.7,57.519047619047626,71.27904761904762,146.7,101.0338,11.958952404203869
2020-02-01,1688.095,269.6,50.54263157894737,71.52947368421053,145.5,101.3735,8.968579091523823
2020-03-01,1610.890909090909,268.6,29.207727272727276,74.54818181818182,145.3,97.4078,6.616136355833574
2020-04-01,1459.9345,255.8,16.547619047619047,76.16818181818182,144.2,84.5619,6.458095232645671
2020-05-01,1466.371578947368,249.0,28.5625,75.6575,145.7,85.9604,4.605650007724762
2020-06-01,1568.570454545455,251.1,38.307272727272725,75.70772727272727,153.1,91.5934,6.487045504830101
2020-07-01,1643.812173913043,254.5,40.710454545454546,74.92863636363637,153.9,95.0256,7.982727289199829
2020-08-01,1738.555238095238,261.2,42.33904761904762,74.5657142857143,154.6,95.9549,8.691428638639904
2020-09-01,1743.774545454545,262.3,39.63428571428571,73.52333333333334,156.4,95.9669,7.7940476054237005
2020-10-01,1806.101818181818,272.2,39.39590909090909,73.56476190476191,148.4,96.7394,7.6231817765669385
2020-11-01,1935.283333333333,273.6,40.93736842105263,74.23111111111112,148.2,97.0816,6.522500014305114
2020-12-01,2014.671904761905,279.1,47.025,73.61952380952381,147.7,98.363,7.0832272876392715
2021-01-01,2003.9755,287.5,52.008421052631576,73.11055555555555,148.6,98.8822,10.17594744029798
2021-02-01,2078.5935,300.4,59.04631578947369,72.80526315789473,150.2,95.6149,12.12157896945351
2021-03-01,2190.482608695652,326.7,62.333043478260876,72.8195652173913,154.9,98.3856,17.043478343797766
2021-04-01,2319.3925,342.8,61.71666666666666,74.51863636363636,150.7,98.5587,19.956666673932755
2021-05-01,2434.7765,350.3,65.1695,73.2065,152.6,99.4333,24.75649995803833
2021-06-01,2446.645454545455,362.9,71.37818181818182,73.57818181818182,161.8,99.7987,26.678636117414996
2021-07-01,2497.635454545455,371.402,72.4852380952381,74.53904761904762,164.738,100.2519,25.724761872064498
2021-08-01,2602.991904761905,376.96,67.73045454545455,74.11545454545454,166.524,100.0437,28.50318180431019
2021-09-01,2834.556818181818,377.061,71.64619047619047,73.63571428571429,167.066,98.8579,30.81761886959984
2021-10-01,2934.39380952381,379.449,81.47666666666666,74.92,165.56,100.1861,35.793809618268696
2021-11-01,2636.452272727273,375.398,79.14750000000001,74.477,165.389,100.8654,23.499047415597097
2021-12-01,2695.531428571429,367.883,71.71181818181819,75.3947619047619,163.067,100.5726,27.21363657171076
2022-01-01,3005.9805,357.296,83.22200000000001,74.4075,166.733,100.1856,23.05550012588501
2022-02-01,3245.7855,357.647,91.64105263157894,74.96947368421053,171.577,100.8064,23.00315826817563
2022-03-01,3498.373043478261,357.628,108.50260869565217,76.1895652173913,170.235,101.3907,25.270000043122664
2022-04-01,3246.990476190476,370.66,101.7775,76.17190476190476,171.794,101.44,21.601499938964842
2022-05-01,2839.505454545455,377.211,109.55238095238094,77.29333333333334,177.688,101.3335,23.482857113792782
2022-06-01,2575.669545454545,380.764,114.83714285714285,78.09,192.103,101.018,19.068571454002743
2022-07-01,2408.423333333333,373.717,101.619,79.5915,192.161,101.223,14.642000007629395
2022-08-01,2433.916086956522,362.99,93.66521739130435,79.50652173913043,214.031,101.0963,9.8526087221892
2022-09-01,2224.755909090909,361.292,84.25809523809524,80.25380952380952,201.237,101.2918,9.322380974179222
2022-10-01,2255.535238095238,353.335,87.5547619047619,82.2915,188.039,101.2529,8.880000000908261
2022-11-01,2350.716363636364,337.078,84.37047619047618,81.68050000000001,179.125,100.9552,7.603333314259847
2022-12-01,2398.206818181818,333.108,76.43714285714286,82.47380952380952,184.723,99.7664,9.076666491372245
2023-01-01,2494.900909090909,327.564,78.123,81.741,187.708,100.505,8.885249900817872
2023-02-01,2416.1815,334.96,76.83263157894737,82.59947368421052,181.582,100.6416,7.313157884698165
2023-03-01,2296.416956521739,338.133,73.27782608695652,82.26652173913044,177.73,101.0205,9.679565180902896
2023-04-01,2338.131,344.749,79.44631578947369,81.9685,174.328,101.253,9.285789489746094
2023-05-01,2274.012608695652,340.782,71.57818181818182,82.29772727272727,177.089,100.9286,7.546818148006093
2023-06-01,2184.753636363636,334.366,70.24809523809525,82.2252380952381,188.313,100.1196,6.105238119761149
2023-07-01,2159.732380952381,322.48,76.0695,82.1565,191.042,100.9067,4.922500014305115
2023-08-01,2135.581739130435,318.412,81.38608695652174,82.81217391304348,191.085,100.8393,5.1069565026656445
2023-09-01,2184.67380952381,317.718,89.425,83.07000000000001,191.547,101.0211,5.361500024795532
2023-10-01,2194.390909090909,318.102,85.63952380952381,83.21619047619048,183.429,100.4689,5.586818196556785
2023-11-01,2202.255454545455,318.798,77.685,83.26599999999999,181.68,100.8639,6.3780952635265535
2023-12-01,2192.005238095238,317.748,71.9,83.25399999999999,180.524,100.6031,9.716499948501587
2024-01-01,2201.56652173913,314.049,74.15238095238095,83.11190476190475,183.455,99.2223,10.450952393668038
2024-02-01,2179.457142857143,320.519,77.249,82.9485,184.006,100.285,12.915500020980835
2024-03-01,2229.441904761905,317.074,81.27799999999999,83.02142857142857,184.913,100.4575,15.423000001907349
2024-04-01,2499.228181818182,320.7,85.34727272727274,83.39681818181818,184.748,100.2434,13.182727293534713
2024-05-01,2566.318695652174,321.393,80.02454545454545,83.38727272727273,184.671,100.863,12.877727248451926
2024-06-01,2497.6055,321.248,79.76736842105262,83.46,200.169,100.894,11.861578941345215
2024-07-01,2349.125217391304,324.553,81.80045454545454,83.58954545454546,196.808,99.9757,11.615454543720592
2024-08-01,2352.467272727273,325.268,76.68318181818182,83.88545454545455,192.589,100.4309,10.771227186376398
2024-09-01,2457.478095238095,315.105,70.236,83.791,192.854,99.8084,10.58299994468689
2024-10-01,2595.583043478261,320.429,71.985,84.00500000000001,186.855,99.4695,8.760434834853463
2024-11-01,2582.188571428571,317.001,69.95,84.33263157894737,182.787,99.2925,7.7742499828338625
2024-12-01,2540.882272727273,315.192,70.11809523809524,84.96857142857142,185.592,100.3273,6.13976187933059
2025-01-01,2571.370434782609,315.011,75.74249999999999,86.26523809523809,188.302,100.0647,5.69350004196167
2025-02-01,2655.7725,321.45,71.53315789473685,87.06368421052632,190.377,101.0993,5.96105264362536
2025-03-01,2651.598571428571,325.548,68.23904761904762,86.52142857142857,191.861,101.0404,6.575000013623919
2025-04-01,2367.800454545455,322.852,63.53666666666667,85.57681818181818,192.497,101.1279,5.751666659400577
2025-05-01,2447.344090909091,319.543,62.16761904761905,85.24619047619048,190.047,100.9655,5.4388095537821455
2025-06-01,2525.959047619048,317.427,68.16900000000001,85.8765,202.493,101.4785,5.576550006866455
2025-07-01,2606.370869565217,315.615,68.39090909090909,86.17136363636364,204.994,101.894,6.890727303244851
2025-08-01,2598.735714285714,313.877,64.86428571428571,87.56952380952382,205.313,101.6247,8.030476252237955
2025-09-01,2654.479090909091,309.16,63.959047619047624,88.32142857142857,202.739,101.668,8.105142933981758
2025-10-01,2793.086956521739,309.279,60.89454545454546,88.3690909090909,196.351,101.2195,8.055173915365469
2025-11-01,2819.0615,307.1,60.06222222222222,88.84444444444445,196.716,101.0344,8.672105237057334
2025-12-01,2875.897727272727,302.525,57.972272727272724,90.035,199.445,101.4941,8.889500097794967
2026-01-01,3133.982727272727,303.509,60.037,90.9025,202.064,101.0388,9.773549938201905
2026-02-01,3065.1885,308.307,64.50842105263159,90.74578947368421,213.304,101.9053,11.392105253119217
2026-03-01,3372.952727272727,312.707,91.38363636363637,92.81818181818181,196.834,101.7543,10.552272753282027
2026-04-01,3594.379090909091,331.419,100.31666666666668,93.48045454545455,196.348,102.5198,11.037571407499767
2026-05-01,3658.221428571429,376.881,102.134,95.5335,195.347,102.5099,12.602299928665161
2026-06-01,3438.847272727273,367.41,84.80714285714286,94.96000000000001,209.015,102.7868,12.134523755028134
2026-07-01,3158.265,346.848,80.45636363636363,95.85727272727273,214.173,102.9939,12.746227264404297
2026-08-01,3158.265,346.848,80.46428571428571,95.322,214.173,102.9939,13.898916641871134
